Name,Age,Gender,Patient ID,Disorder,Dosage Stage,Observations,Lab Result,Initial Response,Side Effects,Outcome
Bob Clark,78,Male,1001,Depression,Stage 4,Improved low mood,Elevated,Improvement,Dizziness,Deteriorated
Emma Smith,41,Female,1002,Migraines,Stage 3,Severe headache,Elevated,Improvement,Dizziness,Improved
Olivia Doe,44,Male,1003,Migraines,Stage 4,Improved severe headache,Elevated,Improvement,Dizziness,Deteriorated
Emma Brown,24,Male,1004,Asthma,Stage 2,Shortness of breath,Normal,Improvement,Headache,Improved
Liam Black,19,Female,1005,Hypertension,Stage 5,Elevated BP,157/82,Improvement,None,Deteriorated
Jane Green,71,Female,1006,Arthritis,Stage 5,Joint pain,Elevated,Improvement,Drowsiness,Stable
James Harris,77,Male,1007,Depression,Stage 3,Improved low mood,Elevated,Improvement,None,Stable
John Lewis,24,Male,1008,Hypertension,Stage 5,Improved elevated bp,139/83,Improvement,Fatigue,Stable
James Brown,52,Male,1009,Hypertension,Stage 4,Elevated BP,137/94,Improvement,Dizziness,Improved
Sophia Harris,79,Female,1010,Hypertension,Stage 2,Improved elevated bp,127/87,Improvement,Fatigue,Stable
Alice Doe,22,Female,1011,Depression,Stage 4,Low mood,Elevated,Improvement,Headache,Improved
Alice Harris,66,Female,1012,Arthritis,Stage 2,Improved joint pain,Elevated,Improvement,Nausea,Improved
Bob Harris,76,Male,1013,Asthma,Stage 3,Shortness of breath,Normal,Improvement,Drowsiness,Improved
Liam Harris,45,Male,1014,Migraines,Stage 4,Improved severe headache,Elevated,Improvement,None,Deteriorated
Charlie Clark,44,Male,1015,Depression,Stage 3,Low mood,Elevated,Improvement,Fatigue,Deteriorated
Bob Doe,79,Male,1016,Hypertension,Stage 3,Improved elevated bp,125/81,Improvement,Nausea,Deteriorated
John Smith,19,Female,1017,Hypertension,Stage 3,Elevated BP,125/96,Improvement,Fatigue,Improved
Emma Young,49,Female,1018,Diabetes,Stage 5,Improved high blood sugar,274 mg/dL,Improvement,Drowsiness,Improved
Jane Green,39,Male,1019,Arthritis,Stage 4,Improved joint pain,Elevated,Improvement,Fatigue,Deteriorated
Alice Young,20,Male,1020,Arthritis,Stage 4,Improved joint pain,Elevated,Improvement,Headache,Deteriorated
Olivia Lewis,67,Male,1021,Asthma,Stage 4,Improved shortness of breath,Normal,Improvement,None,Stable
John Black,54,Female,1022,Diabetes,Stage 4,High blood sugar,276 mg/dL,Improvement,Dizziness,Stable
James White,28,Male,1023,Hypertension,Stage 5,Improved elevated bp,125/97,Improvement,None,Deteriorated
Jane Smith,19,Female,1024,Hypertension,Stage 4,Improved elevated bp,129/91,Improvement,Drowsiness,Improved
James Clark,24,Male,1025,Arthritis,Stage 2,Joint pain,Elevated,Improvement,Drowsiness,Stable
Charlie Green,62,Male,1026,Migraines,Stage 3,Improved severe headache,Elevated,Improvement,None,Improved
Alice White,52,Female,1027,Arthritis,Stage 2,Improved joint pain,Elevated,Improvement,Fatigue,Improved
James Doe,63,Male,1028,COPD,Stage 4,Improved difficulty breathing,87% O2 Sat,Improvement,None,Deteriorated
Olivia Young,48,Female,1029,Diabetes,Stage 3,Improved high blood sugar,263 mg/dL,Improvement,Drowsiness,Stable
Liam Smith,43,Male,1030,Diabetes,Stage 5,High blood sugar,213 mg/dL,Improvement,Nausea,Stable
Liam Brown,67,Male,1031,Depression,Stage 5,Improved low mood,Elevated,Improvement,Dizziness,Improved
Alice Harris,32,Female,1032,Migraines,Stage 3,Improved severe headache,Elevated,Improvement,Drowsiness,Improved
Liam Young,39,Male,1033,Migraines,Stage 5,Improved severe headache,Elevated,Improvement,Nausea,Improved
Bob Green,62,Female,1034,Depression,Stage 5,Low mood,Elevated,Improvement,Headache,Deteriorated
Alice Doe,73,Male,1035,Migraines,Stage 4,Improved severe headache,Elevated,Improvement,None,Stable
Liam Young,18,Male,1036,Hypertension,Stage 3,Improved elevated bp,121/93,Improvement,Nausea,Deteriorated
Sophia Black,39,Male,1037,COPD,Stage 4,Improved difficulty breathing,90% O2 Sat,Improvement,Drowsiness,Deteriorated
Emma Doe,47,Female,1038,COPD,Stage 3,Improved difficulty breathing,94% O2 Sat,Improvement,Nausea,Deteriorated
John Black,40,Female,1039,Arthritis,Stage 3,Joint pain,Elevated,Improvement,Headache,Deteriorated
Liam Doe,73,Male,1040,Asthma,Stage 2,Improved shortness of breath,Normal,Improvement,None,Stable
James Smith,52,Female,1041,Arthritis,Stage 2,Improved joint pain,Elevated,Improvement,None,Improved
Jane Brown,67,Male,1042,Diabetes,Stage 4,High blood sugar,273 mg/dL,Improvement,Headache,Improved
Alice Lewis,24,Female,1043,Diabetes,Stage 3,High blood sugar,230 mg/dL,Improvement,None,Stable
Olivia Clark,52,Male,1044,COPD,Stage 4,Improved difficulty breathing,92% O2 Sat,Improvement,Drowsiness,Stable
John Harris,30,Male,1045,Arthritis,Stage 2,Improved joint pain,Elevated,Improvement,Drowsiness,Deteriorated
Alice Doe,53,Female,1046,Migraines,Stage 2,Improved severe headache,Elevated,Improvement,Dizziness,Improved
Emma Black,52,Female,1047,Diabetes,Stage 2,Improved high blood sugar,219 mg/dL,Improvement,Nausea,Improved
Liam Harris,31,Male,1048,Diabetes,Stage 3,Improved high blood sugar,222 mg/dL,Improvement,Dizziness,Improved
Liam Doe,78,Female,1049,Diabetes,Stage 4,High blood sugar,261 mg/dL,Improvement,Fatigue,Stable
Emma Black,55,Male,1050,Diabetes,Stage 5,High blood sugar,259 mg/dL,Improvement,Nausea,Stable
Alice Green,56,Male,1051,Arthritis,Stage 3,Joint pain,Elevated,Improvement,Nausea,Stable
Liam White,45,Female,1052,Arthritis,Stage 2,Improved joint pain,Elevated,Improvement,Dizziness,Improved
James Doe,55,Male,1053,Hypertension,Stage 3,Improved elevated bp,130/80,Improvement,Nausea,Stable
Emma White,52,Male,1054,Arthritis,Stage 5,Joint pain,Elevated,Improvement,Drowsiness,Deteriorated
Sophia Lewis,28,Female,1055,Asthma,Stage 3,Shortness of breath,Normal,Improvement,Headache,Deteriorated
Jane Black,58,Female,1056,Diabetes,Stage 5,Improved high blood sugar,273 mg/dL,Improvement,Dizziness,Stable
Alice Green,35,Male,1057,Arthritis,Stage 5,Joint pain,Elevated,Improvement,Drowsiness,Stable
Emma Harris,73,Male,1058,Asthma,Stage 3,Shortness of breath,Normal,Improvement,Nausea,Deteriorated
Olivia Green,76,Male,1059,Depression,Stage 2,Improved low mood,Elevated,Improvement,None,Deteriorated
Charlie Doe,22,Male,1060,Depression,Stage 2,Improved low mood,Elevated,Improvement,Nausea,Stable
Liam Brown,34,Male,1061,Diabetes,Stage 3,High blood sugar,248 mg/dL,Improvement,Nausea,Improved
John Clark,49,Female,1062,Hypertension,Stage 5,Elevated BP,147/97,Improvement,Headache,Deteriorated
Alice Smith,29,Male,1063,Migraines,Stage 3,Improved severe headache,Elevated,Improvement,Nausea,Improved
Jane Brown,56,Female,1064,Migraines,Stage 5,Improved severe headache,Elevated,Improvement,Drowsiness,Stable
Alice Smith,69,Male,1065,Asthma,Stage 3,Improved shortness of breath,Normal,Improvement,Fatigue,Deteriorated
Bob Young,73,Male,1066,COPD,Stage 3,Improved difficulty breathing,92% O2 Sat,Improvement,Drowsiness,Deteriorated
Alice Lewis,40,Male,1067,Diabetes,Stage 5,Improved high blood sugar,277 mg/dL,Improvement,Fatigue,Deteriorated
Jane Young,68,Male,1068,Asthma,Stage 2,Improved shortness of breath,Normal,Improvement,Drowsiness,Deteriorated
John Black,58,Female,1069,Migraines,Stage 3,Improved severe headache,Elevated,Improvement,Fatigue,Deteriorated
Olivia Lewis,39,Male,1070,Diabetes,Stage 5,Improved high blood sugar,273 mg/dL,Improvement,Dizziness,Improved
Vamshi,39,Male,1070,fever,Stage 5,Improved high blood sugar,273 mg/dL,Improvement,Dizziness,Improved
